00:00|晚上十二點多鐘|直等到晚上十二點多鐘，新人方才回來|二十年目睹之怪现状|吴趼人|sfw
00:00|十二點多鐘|吃過晚飯，又俄延到了十二點多鐘，方才起身|二十年目睹之怪现状|吴趼人|sfw
00:00|十二點鐘|大少爺從十點多鐘跪起，足足跪到十二點鐘。|二十年目睹之怪现状|吴趼人|sfw
00:00|晚上十二點鐘|拜堂的吉時聽說在晚上十二點鐘，這邊新人也要晚上上轎。|二十年目睹之怪现状|吴趼人|sfw
00:00|晚上十二點鐘|明日是親迎喜期，拜堂的吉時聽說在晚上十二點鐘，這邊新人也要晚上上轎，所以用了燈船|二十年目睹之怪现状|吴趼人|sfw
01:00|晚上一點鐘|當下晚上一點鐘開行，次日到了江陰，夜來又過了鎮江|二十年目睹之怪现状|吴趼人|sfw
01:00|晚上一點鐘|當下晚上一點鐘開行，次日到了江陰，夜來又過了鎮江。|二十年目睹之怪现状|吴趼人|sfw
02:00|兩點鐘|直到兩點鐘時，船上茶房到各艙裡喊道：「送客的上岸啊！開船啊！」|二十年目睹之怪现状|吴趼人|sfw
03:00|三點多鐘|這一夜，熱的睡不著，直到三點多鐘，方才退盡了暑氣，朦朧睡去。|二十年目睹之怪现状|吴趼人|sfw
03:00|夜間三點多鐘|當晚預備來日一早動身，不意到了夜間三點多鐘，忽然接著督轅傳見的差信，說是制台立等問話|冷眼观|王濬卿|sfw
04:00|四點鐘|只要能在四點鐘以前清了艙，答應他五十元酬謝。|二十年目睹之怪现状|吴趼人|sfw
05:30|五點半鐘|我看看表時，已是五點半鐘。德泉叫茶房去把藕切了，燉起酒來。|二十年目睹之怪现状|吴趼人|sfw
07:00|七點鐘|我早起七點鐘出來，此刻已經下午三點多鐘了。|二十年目睹之怪现状|吴趼人|sfw
07:00|早晨七點鐘|那天在賭場裏整奔忙了一夜，兩眼裝在額上的踱回寓所，已在早晨七點鐘，只見門口站著個女房東，手裏捏著一封信，見他來，老遠地喊道：「好了，先生回來了|孽海花|曾朴|sfw
07:00|早晨七點鐘|戴升道："早晨七點鐘上院，九點下來|官场现形记|李伯元|sfw
07:00|清早七點鐘|各官自清早七點鐘上院，一等等到十二點，制臺方才統通見完|官场现形记|李伯元|sfw
08:00|早上八點鐘|從早上八點鐘趕到十一點鐘，畫好了三張，方才坐席吃酒|二十年目睹之怪现状|吴趼人|sfw
08:00|早上八點鐘|從早上八點鐘趕到十一點鐘，畫好了三張，方才坐席吃酒。|二十年目睹之怪现状|吴趼人|sfw
08:00|早晨八點鐘|這天自從早晨八點鐘入局，輪流做莊，一直到晚未曾住手|官场现形记|李伯元|sfw
09:15|九點一刻|看看鐘才九點一刻，於是穿了長衣，同德泉慢慢的走去。|二十年目睹之怪现状|吴趼人|sfw
10:00|十點鐘|再坐一會，已是十點鐘時候，遂會了茶帳回去。|二十年目睹之怪现状|吴趼人|sfw
11:00|十一點鐘|從早上八點鐘趕到十一點鐘，畫好了三張，方才坐席吃酒|二十年目睹之怪现状|吴趼人|sfw
11:00|十一點鐘|我本來一早就進城的，因為繞了這大圈子，鬧到十一點鐘方才到家。|二十年目睹之怪现状|吴趼人|sfw
11:45|午時三刻|沒多時，法場中間，人分開處，一個報，報道一聲「午時三刻|水浒传|施耐庵|sfw
11:45|午時三刻|押到市曹十字路口，團團鎗棒圍住，把宋江面南背北，將戴宗面北背南，兩個納坐下，只等午時三刻監斬官到來開刀|水浒传|施耐庵|sfw
11:45|午時三刻|君臣兩個對弈，此棋正下到午時三刻，一盤殘局未終。|西游记|吴承恩|sfw
11:45|午時三刻|先生曰：「你明日午時三刻，該赴人曹官魏徵處聽斬。」|西游记|吴承恩|sfw
11:45|午時三刻|君臣兩個對弈，此棋正下到午時三刻，一盤殘局未終，魏徵忽然俯伏在案邊，鼾鼾盹睡|西游记|吴承恩|sfw
11:45|午時三刻|卻說魏徵丞相在府，夜觀乾象，正爇寶香，只聞得九霄鶴唳，卻是天差仙使，捧玉帝金旨一道，著他午時三刻，夢斬涇河老龍|西游记|吴承恩|sfw
12:00|十二點鐘正午|吃到了十二點鐘正午，方才用泥金調了硃砂，點過眼睛。|二十年目睹之怪现状|吴趼人|sfw
12:00|正午|行者念咒語，驚動太子，把旗捲起，卻早見日光正午。|西游记|吴承恩|sfw
12:30|十二點半|取出表一看，已經十二點半了。|二十年目睹之怪现状|吴趼人|sfw
13:00|一點鐘|今日一點鐘，我具了個小東，叫個小船，喝口酒去。|二十年目睹之怪现状|吴趼人|sfw
13:00|午後一點多鍾|一覺醒來，已是午後一點多鍾，忙著披衣起坐，棧夥送上臉水，漱洗已畢，我就捧了一支水煙袋，有意無意的踱將出去|冷眼观|王濬卿|sfw
14:00|下午兩點鐘|我上了車，弓兵跨了車簷，下午兩點鐘光景就到了。|二十年目睹之怪现状|吴趼人|sfw
14:00|下午兩點鐘|我上了車，弓兵跨了車簷，行了半天，在路上打了個尖，下午兩點鐘光景就到了|二十年目睹之怪现状|吴趼人|sfw
14:00|午後兩點鐘|從午後兩點鐘入座，一直吃到上燈還沒有完|官场现形记|李伯元|sfw
14:00|午後兩點鐘|正待上轎，已有人前來報稱：“眾紳士因為此事，說洋務局不該不把外國凶手交給縣裏審問，如今倒反拿他留在局中，十分優待，因此眾人心上不服，一齊發了傳單，約定明日午後兩點鐘在某處會議此事|官场现形记|李伯元|sfw
15:00|下午三點多鐘|我早起七點鐘出來，此刻已經下午三點多鐘了|二十年目睹之怪现状|吴趼人|sfw
15:00|下午三點鐘|誰知到了下午三點鐘時候，說是坐晚堂了，兩個差人來，拖了就走。|二十年目睹之怪现状|吴趼人|sfw
15:00|下午三點鐘|誰知到了下午三點鐘時候，說是坐晚堂了，兩個差人來，拖了就走，到得堂上，不由分說的，劈劈拍拍打了一百板，打得鮮血淋漓|二十年目睹之怪现状|吴趼人|sfw
15:00|下午三點鐘|我鬧了一夜，實在辛苦了，放下頭一直睡到下午三點鐘才醒|冷眼观|王濬卿|sfw
15:00|下午三點鐘|一等等到下午三點鐘，才見首府大人回來，急忙趕出去站班|官场现形记|李伯元|sfw
16:00|下午四點鐘|到了下午四點鐘時，他老子叫了一乘囚籠似的小轎子，叫女兒坐了|二十年目睹之怪现状|吴趼人|sfw
16:00|下午四點鐘|到了下午四點鐘時，他老子叫了一乘囚籠似的小轎子，叫女兒坐了。|二十年目睹之怪现状|吴趼人|sfw
16:00|下午四點鐘|八姨是同十二姨、十五姨、十七姨同住的，說明白這天下午四點鐘先會齊了打麻雀，打過八圈莊吃飯|官场现形记|李伯元|sfw
16:00|下午四點鐘|自從頭天晚上鬧起，一直鬧到第二天下午四點鐘，看看一周時不差衹有三個時辰，過了這三個時辰，便不能救，衹好靜等下棺材了|官场现形记|李伯元|sfw
17:00|下午五點鐘|伯芬到了次日下午五點鐘時，便到聚豐園去等候|二十年目睹之怪现状|吴趼人|sfw
17:00|下午五點鐘|伯芬到了次日下午五點鐘時，便到聚豐園去等候。|二十年目睹之怪现状|吴趼人|sfw
17:00|下午五點鐘|自下午五點鐘搬起，十七八班挑夫，搬到七點鐘也沒搬盡|邻女语|忧患余生|sfw
19:00|早起七點鐘|我早起七點鐘出來，此刻已經下午三點多鐘了|二十年目睹之怪现状|吴趼人|sfw
19:00|七點鐘|吃到七點鐘時，茶房開上飯來，德泉叫添了菜。|二十年目睹之怪现状|吴趼人|sfw
20:00|晚上八點來鐘|到得晚上八點來鐘，他忽然走下來，找他的老婆和女兒|二十年目睹之怪现状|吴趼人|sfw
20:00|晚上八點來鐘|到得晚上八點來鐘，他忽然走下來，找他的老婆和女兒。|二十年目睹之怪现状|吴趼人|sfw
20:00|晚上八點多鐘|沿途問人，還走錯了不少路，竟到晚上八點多鐘，才回到客棧|二十年目睹之怪现状|吴趼人|sfw
20:00|晚上八點鐘|偏偏第二天到鎮江，已經晚上八點鐘，看著不能過江，我也懶得到街上去了，就在躉船上住了一夜|二十年目睹之怪现状|吴趼人|sfw
20:00|八點鐘|等到事完出衙門，八點鐘在自己相好貴寶那裡吃晚飯，可以面談一切|官场现形记|李伯元|sfw
21:00|晚上九點鐘|這一天功夫，全是寫簽條，寫到了晚上九點鐘，才完了事|二十年目睹之怪现状|吴趼人|sfw
21:00|九點鐘|直吃到九點鐘，大家都醉了，胡亂吃些飯，便留雪漁住下。|二十年目睹之怪现状|吴趼人|sfw
21:00|晚上九點鐘|到了晚上九點鐘時候，姨媽要睡覺了，他方才把大少爺親自送到姨媽對過的房裡，叫他從此之後，在這裡睡|二十年目睹之怪现状|吴趼人|sfw
22:00|晚上十點多鐘|直到晚上十點多鐘，苟才回來問起，親到後面一看。|二十年目睹之怪现状|吴趼人|sfw
22:00|晚上十點多鐘|直到晚上十點多鐘，苟才回來問起，親到後面一看，只見他當真病了，週身上下，燒得就和火炭一般|二十年目睹之怪现状|吴趼人|sfw
22:00|晚上十點鐘|跟班的去了一會，回來說道：“王先生說的：一過晚上十點鐘，就是拿八抬轎去抬他也不來的|官场现形记|李伯元|sfw
23:00|晚上十一點鐘|等到晚上十一點鐘，黃胖姑又加派兩個人來，但亦是跟進跟出，并不多說一句話|官场现形记|李伯元|sfw
period:chen|辰時|雯青拆看，見上面寫著：九江府轉學憲金大人鑒：奉蘇電，趙太夫人八月十三日辰時疾終，速回署料理|孽海花|曾朴|sfw
period:chen|辰時|先生道：「明日辰時布雲，巳時發雷，午時下雨，未時雨足。」|西游记|吴承恩|sfw
period:chen|辰時|這場雨自辰時下起，只下到午時前後﹔下得那車遲城裏裏外外，水漫了街衢|西游记|吴承恩|sfw
period:chen|辰時|應二爹從辰時就來了，爹使他有勾當去了，便道就來也|金瓶梅|兰陵笑笑生|sfw
period:chen|辰時|徐先生看了手，說道：“正辰時斷氣，合家都不犯凶煞|金瓶梅|兰陵笑笑生|sfw
period:chen|辰時|娶過門時，遇生辰時節，官人放他來走走，就認俺這門窮親戚，也不過上你窮|金瓶梅|兰陵笑笑生|sfw
period:chen|辰時|徐陰陽擇定辰時起棺，西門慶留下孫雪娥並二女僧看家，平安兒同兩名排軍把前門|金瓶梅|兰陵笑笑生|sfw
period:chen|辰時|西門慶教陰陽徐先生擇定七月初二日辰時到任，拿帖兒回夏提刑，賞了寫字的五錢銀子|金瓶梅|兰陵笑笑生|sfw
period:chen|辰時|吳神仙掐指尋紋，打算西門慶八字，說道：“屬虎的，丙寅年，戊申月，壬午日，丙辰時|金瓶梅|兰陵笑笑生|sfw
period:chen|辰時|徐先生寫了殃榜，蓋伏死者身上，向西門慶道：“十九日辰時大殮，一應之物，老爹這裡備下|金瓶梅|兰陵笑笑生|sfw
period:chen|辰時|俺知縣老爹年五十多歲，止生了衙內老爹一人，今年屬馬的，三十一歲，正月二十三日辰時建生|金瓶梅|兰陵笑笑生|sfw
period:chou|丑時|船戶答應了，每船用了十五個水手，撐篙打槳，如飛而去，從未時起行，丑時已到了譚村|九命奇冤|吴趼人|sfw
period:chou|丑時|此子生於丑時，正犯了一千七百殺戒|封神演义|陆西星|sfw
period:chou|丑時|假令三月穀雨後占課，應用酉將，來人口報丑時，本日係甲子日，今將先排日子，後起四課樣子，寫來你看|镜花缘|李汝珍|sfw
period:dawn|天明|等到天明，便傳伺候上院去，把這件事囁囁嚅嚅的回了撫臺|二十年目睹之怪现状|吴趼人|sfw
period:dawn|黎明|直等榜填好了，捲起來，到天色黎明時，開放龍門，張掛全榜|二十年目睹之怪现状|吴趼人|sfw
period:dawn|天明|此風聲一夜傳了開去，到得天明，合衙門的書吏差役，紛紛請假走了，甚至於擡轎的人也沒有了|二十年目睹之怪现状|吴趼人|sfw
period:dawn|天明|次日天明，趙員外道：「此處恐不穩便。」|水浒传|施耐庵|sfw
period:dawn|黎明|黎明即雇了掛車子在黃河邊伺候，也是十里長亭送別的意思|老残游记|刘鹗|sfw
period:dawn|清晨|次日清晨起來，吃點兒點心，便搖著串鈴滿街踅了一趟，虛應一應故事|老残游记|刘鹗|sfw
period:dawn|天明|老殘道：「縣裡人都起身得遲，不如天明後，同店家商議，雇個人去更妥|老残游记|刘鹗|sfw
period:dawn|清晨|走到吃飯的小店前，天已黑透了，住得一宿，清晨回省，仍不到巳牌時分|老残游记|刘鹗|sfw
period:dawn|清晨|他昨日在我這裡坐了半天，說今日清晨回山去，此刻出南門怕還不到十里路呢|老残游记|刘鹗|sfw
period:dawn|天明|張二禿子知道勢頭不好，仗著他沒有家眷，『天明四十五』，逃往河南歸德府去找朋友去了|老残游记|刘鹗|sfw
period:dawn|天明|昨晚翠花在我屋裡講了一夜，坐到天明，不過我們藉此解個悶，也讓他少挨兩頓打，那兒不是積功德呢|老残游记|刘鹗|sfw
period:dawn|清晨|次日清晨，王婆恰才開門，把眼看外時。|金瓶梅|兰陵笑笑生|sfw
period:dusk|傍晚|到了傍晚時候，我走出房外閒望，只見一個鴿子，站在簷上|二十年目睹之怪现状|吴趼人|sfw
period:dusk|日暮|我從來不肯騙人，不過此時到了日暮途窮的時候，不得已而為之|二十年目睹之怪现状|吴趼人|sfw
period:dusk|黃昏|我談了幾句，便回到自己房裡略睡一會，黃昏時，方才起來吃飯|二十年目睹之怪现状|吴趼人|sfw
period:dusk|傍晚|齊明如從中答應，說傍晚在一品香吃大菜面交，又約定了是夜開局|二十年目睹之怪现状|吴趼人|sfw
period:dusk|傍晚|到了傍晚時候，忽聽得房外有搬運東西的聲音，這本來是客棧裡的常事，也不在意|二十年目睹之怪现状|吴趼人|sfw
period:dusk|掌燈|多祝三再到芬臣處轉了一轉，又回號裡打票子，再趕到苟才公館，已是掌燈時候了|二十年目睹之怪现状|吴趼人|sfw
period:dusk|黃昏|到得他老先生動身那天，他又用了點小費，打點了衙門裡的人役，把他耽擱到黃昏時候，方才動身|二十年目睹之怪现状|吴趼人|sfw
period:dusk|黃昏|天色黃昏，是八月半天氣，月輪上來。|水浒传|施耐庵|sfw
period:dusk|掌燈時候|那天气是掌燈時候，出來又看他們頑了一回牌。|红楼梦|曹雪芹|sfw
period:dusk|傍晚|人瑞道：「傍晚就送他們姐兒倆來，我們這兒不派人去叫了|老残游记|刘鹗|sfw
period:dusk|黃昏|老殘又在店門口立了一刻，回到房中，也就差不多黃昏的時候|老残游记|刘鹗|sfw
period:dusk|傍晚|傍晚回到店裡，店裡掌櫃的連忙跑進屋來說聲「恭喜」，老殘茫然不知道是何事|老残游记|刘鹗|sfw
period:dusk|黃昏時|及黃昏時，卻與眾就寢，假合眼，定息存神。|西游记|吴承恩|sfw
period:dusk|日暮|他還在楊姑娘家說話飲酒，到日暮才歸家去。|金瓶梅|兰陵笑笑生|sfw
period:geng1|初更|正值初更時分，營中上火，一見面便將那張墨諭交給他看，又對他如此這般的說了一遍|冷眼观|王濬卿|sfw
period:geng1|一更|他說著，便拿起手中的扇骨，在台角上一面敲著，一面唱著道：一更鼓聲咚，酒綠與燈紅，和戎宰相去匆匆|冷眼观|王濬卿|sfw
period:geng1|一更|有一晚，薩克森船正在地中海駛行，一更初定，明月中天，船上乘客大半歸房就寢，滿船靜悄悄的，但聞鼻息呼聲|孽海花|曾朴|sfw
period:geng1|初更|其時已有初更時分，船頭上艙裏頭，點的燈燭輝煌，照耀如同白晝|官场现形记|李伯元|sfw
period:geng1|一更|到了晚上，一更二更，頂到放天明炮，船上擂鼓，親兵掌號，嗚都都，嗚都都，吹的真正好聽|官场现形记|李伯元|sfw
period:geng1|一更|到得東溪村裏，已是一更天氣，都到一個觀音庵取齊。|水浒传|施耐庵|sfw
period:geng1|一更|約有一更時分，莊上人都睡了，只聽得前後門發喊起來|水浒传|施耐庵|sfw
period:geng1|一更|約莫走了也是一更時分，心裏越慌，看不見地下，躧了一條絆腳索|水浒传|施耐庵|sfw
period:geng1|初更|約莫初更前後，大小船隻都到無爲江岸邊，揀那有蘆葦深處一字兒纜定了船隻|水浒传|施耐庵|sfw
period:geng1|初更|那時纔交初更時分，朱仝肩背著小衙內，遶寺看了一遭，卻來水陸堂放生池邊看放燈|水浒传|施耐庵|sfw
period:geng1|一更|這時候不過一更多天，比他們父子三個，還早十幾里地呢|老残游记|刘鹗|sfw
period:geng1|一更時分|當日這雪下到一更時分，卻早銀妝世界。|金瓶梅|兰陵笑笑生|sfw
period:geng2|二鼓|這一席散時，已差不多要交二鼓，各人拱揖分別，各自回家|二十年目睹之怪现状|吴趼人|sfw
period:geng2|二更|昨夜二更之後，忽然派了營兵，在城裡城外各客棧，挨家搜查起來，說是捉拿反賊|二十年目睹之怪现状|吴趼人|sfw
period:geng2|二更|誰知道直候到二更以後，雯青那邊總是寂無人聲，張夫人倒詫異起來，暗道：「難道就這麼罷了不成|孽海花|曾朴|sfw
period:geng2|二更|吃飯的時候已是二更多天，比及上局，約摸已有三更了|官场现形记|李伯元|sfw
period:geng2|二更|且說舒軍門這日在監裏足足等到二更多天，方見手下人拿了煙具、鋪蓋進來，猶如絕處逢生，說不盡他那種苦惱情形|官场现形记|李伯元|sfw
period:geng2|二更|莊客王四一覺直睡到二更方醒，覺來看見月光微微照在身上。|水浒传|施耐庵|sfw
period:geng2|二更|劉高道：「小官夜來二更拿了他，悄悄的藏在家裏，花榮只道去了，安坐在家|水浒传|施耐庵|sfw
period:geng2|二更|約莫已是二更天氣，那婆娘不脫衣裳，便上床去，自倚了繡枕，扭過身，朝裏壁自睡了|水浒传|施耐庵|sfw
period:geng2|二更|二更前後，大開城門，放下弔橋，高廉當先，驅領神兵前進，背後卻帶三十餘騎，奔殺前來|水浒传|施耐庵|sfw
period:geng2|二更|卻說莊客王四一覺直睡到二更方醒，覺來看見月光微微照在身上，吃了一驚，跳將起來，卻見四邊都是松樹|水浒传|施耐庵|sfw
period:geng2|二更天|咱們竟悄悄的把寶姑娘林姑娘請了來頑一回子，到二更天再睡不遲。|红楼梦|曹雪芹|sfw
period:geng2|二更|因為昨兒從天明起來，忙到晚上二更多天，才稍為空閒一點，回到屋裡睡覺|老残游记|刘鹗|sfw
period:geng2|二更時分|當夜二更時分，只聽得宮門外有號泣之聲，太宗愈加驚恐。|西游记|吴承恩|sfw
period:geng2|二更多|散時也有二更多天氣。|金瓶梅|兰陵笑笑生|sfw
period:geng3|三更|此時已有三更時分，望了一會，殊無動靜，仍回到房裡去|二十年目睹之怪现状|吴趼人|sfw
period:geng3|三更|到了三更時，果然見一個賊，飛簷走壁而來，到藩庫裡去了|二十年目睹之怪现状|吴趼人|sfw
period:geng3|三鼓|到了晚上，點起燈燭，照耀如同白日，重新設席，直到三鼓才散|二十年目睹之怪现状|吴趼人|sfw
period:geng3|三更|第五十二回酸風醋浪拆散鴛鴦半夜三更幾疑鬼魅當下出了吳淞口，天色才平明|二十年目睹之怪现状|吴趼人|sfw
period:geng3|三更|問他們幾時到的，他們說是某日晚上三更天到的，說的那天，正是我們拿住他的那天|二十年目睹之怪现状|吴趼人|sfw
period:geng3|三更|而且你要預先進京謀幹謀幹，京裏那些大老，那一個不是三更多天就起來上朝的|官场现形记|李伯元|sfw
period:geng3|三更|這個時候差不多已有三更多天了，岸上的參將、守備、千總、把總，船上的營頭、哨官，都靜悄悄的候著|官场现形记|李伯元|sfw
period:geng3|三更|這天正領了薪水回來，等太太等到半夜不見回家，以為一定是戴公館留下，今天不轉的了，豈知三更過後，忽聽打門聲急|官场现形记|李伯元|sfw
period:geng3|三更|事不宜遲，只今夜三更便去，明日晌午可到那裏。|水浒传|施耐庵|sfw
period:geng3|三更|祠前一副破舊對聯，寫的是「一盞寒泉薦秋菊，三更畫舫穿藕花|老残游记|刘鹗|sfw
period:geng3|三更|誰知道那一夜裡，三更時候，又趕上大風大雨，只聽得稀里花拉，那黃河水就像山一樣的倒下去了|老残游记|刘鹗|sfw
period:geng3|三更時候|師父昨日壇前對眾相允，教弟子三更時候，從後門裏傳我道理。|西游记|吴承恩|sfw
period:geng3|三更時分|月娘見他二人吃得餳成一塊，由著他四個吃到三更時分。|金瓶梅|兰陵笑笑生|sfw
period:geng4|四更|寫完了正榜，各官歇息了一回，此時已經四更天光景了，眾官再出來升座，再寫了副榜，然後填寫前五名|二十年目睹之怪现状|吴趼人|sfw
period:geng4|四鼓|停了好半天，衹買得一碗稀粥，說是天將四鼓，面是沒有的了|官场现形记|李伯元|sfw
period:geng4|四更|約摸有四更時分便已起身，怕的是誤了天亮接印，把漕米錢糧被前任收了去|官场现形记|李伯元|sfw
period:geng4|四更|’我們包大爺也在旁邊，幫著學上菜，整整鬧到四更多天，才下來打了個盹|官场现形记|李伯元|sfw
period:geng4|四更|約摸有四更多天，太太派了老媽子三四次來請老爺安歇，大家看見老爺這個樣子，都不敢回|官场现形记|李伯元|sfw
period:geng4|四更|吩咐已畢，其時已有四更多天，胡統領又急急的橫在鋪上呼了二十四筒鴉片煙，把癮過足，又傳早點心|官场现形记|李伯元|sfw
period:geng4|四更|睡到四更，同店人都未起，薛霸起來燒了面湯。|水浒传|施耐庵|sfw
period:geng4|四更|睡到四更，同店人都未起，薛霸起來燒了面湯，安排打火，做飯喫|水浒传|施耐庵|sfw
period:geng4|四更|老莊客道：「我每夜輪流看米囤，如今四更，天氣正冷，我們這幾個喫尚且不夠，那得回與你|水浒传|施耐庵|sfw
period:geng4|四更|四更三點跳城出來，走了一五更路，一時困倦，棒瘡發了又疼，因行不得，投一小廟裏權歇一歇，卻被這四個綁縛將來|水浒传|施耐庵|sfw
period:geng4|四更|宋江因見魚鮮，貪愛爽口，多喫了些，至夜四更，肚裏絞腸刮肚價疼，天明時，一連瀉了二十來遭，昏暈倒了，睡在房中|水浒传|施耐庵|sfw
period:geng4|四更時|原來他四更時也做了一夢，記得一半，含糊了一半。|西游记|吴承恩|sfw
period:geng5|五更|聽著街上打過五更，一會兒天窗上透出白色來，天色已經黎明了|二十年目睹之怪现状|吴趼人|sfw
period:geng5|五更|有個年紀約莫二三十歲的人應道：「那首五更詞，你老伯可曾記得麼|冷眼观|王濬卿|sfw
period:geng5|五更|他留神聽了聽，就是這軍中五更詞，不禁大喜道：『唱歌者必吾夫也|冷眼观|王濬卿|sfw
period:geng5|五更|兄弟今天五更頭就叫戈什按照老祖所指示的方向，居然一找攏著|官场现形记|李伯元|sfw
period:geng5|五更|還要起五更上朝，等到退朝下來，一天已過了半天，他的精神更磨的一點沒有了|官场现形记|李伯元|sfw
period:geng5|五更|一迸迸到五更雞叫之後，天色微微的有點亮了，餘藎臣也不等轎子了，要了長衣裳，扎扮停當，一直徑去|官场现形记|李伯元|sfw
period:geng5|五更|次日五更時分，衆道士起來，備下香湯，請太尉起來沐浴|水浒传|施耐庵|sfw
period:geng5|五更三點|是日，嘉祐三年三月三日，五更三點，天子駕坐紫宸殿。|水浒传|施耐庵|sfw
period:geng5|五更|等到五更，天色未明，王進叫起李牌，分付道：「你與我將這些銀兩去嶽廟裏和張牌買個三牲煮熟在那裏等候|水浒传|施耐庵|sfw
period:geng5|五更|是日，嘉祐三年三月三日，五更三點，天子駕坐紫宸殿，受百官朝賀已畢，當有殿頭官喝道：「有事出班早奏，無事卷簾退朝|水浒传|施耐庵|sfw
period:geng5|五更天|五更天的時候就一連起來了兩次，今日早晨略覺身子倦些。|红楼梦|曹雪芹|sfw
period:geng5|五更三點|次日五更三點，太宗駕坐金鑾寶殿，文武眾臣趨朝。|西游记|吴承恩|sfw
period:geng5|五更|家人一見啟秀，便抱頭痛哭，說是老太太昨日看見老爺被洋兵捉來，頓時痰厥，不省人事，今早五更，已是咽氣死了|邻女语|忧患余生|sfw
period:geng5|五更|明日五更，我來討話。|金瓶梅|兰陵笑笑生|sfw
period:hai|亥時|墨卿道：「他是亥時罷，我聽姑母講過的|兰花梦奇传|吟梅山人|sfw
period:hai|亥時|八戒道：「鬼乃陰靈也，一日至晚，交申酉戌亥時方出|西游记|吴承恩|sfw
period:hai|亥時|再要問我日子，我就說是三十日亥時生的|镜花缘|李汝珍|sfw
period:hai|亥時|禁指第四節寅，第三節卯，……照前順排，至食指第四節為亥時|镜花缘|李汝珍|sfw
period:hai|亥時|你想這裡同歲甚多，設或都說臘月三十日亥時生的，難道你還替他分別上四刻、下四刻麼|镜花缘|李汝珍|sfw
period:mao|卯時|二妾大喜，即將平日的窖藏，取了十二萬出來，等到天色微明時，叫人來運到船上，分裝了五船，卯時起行，趕到亥時，就到了肇慶，連忙僱了腳夫，運到寓所，便連夜去知照杜勤，杜勤又知照了徐鳳|九命奇冤|吴趼人|sfw
period:mao|卯時|拉到半邊，問道：「宅上可是今日卯時上梁安柱麼|醒世恒言|冯梦龙|sfw
period:mao|卯時|施復仰天看了一看，乃道：「此時正是卯時了，快些豎起來|醒世恒言|冯梦龙|sfw
period:mao|卯時|不想今早五鼓時分，老漢夢見枕邊走出八個白衣小廝，腰間俱束紅縧，在床前商議道：『今日卯時，盛澤施家豎柱安梁，親族中應去的，都已到齊了|醒世恒言|冯梦龙|sfw
period:mao|卯時|學生行年二十九歲，正月二十七日卯時建生。|金瓶梅|兰陵笑笑生|sfw
period:mao|卯時|西門慶道：“你只添上個李氏，辛未年正月十五日卯時建生，同男官哥兒，丙申年七月廿三日申時建生罷|金瓶梅|兰陵笑笑生|sfw
period:mao|卯時|竹山又跪下哀告道：“學生行年二十九歲，正月二十七日卯時建生，不幸去年荊妻已故，家緣貧乏，實出寒微|金瓶梅|兰陵笑笑生|sfw
period:morning|早上|不知又向老子搗個甚麼鬼，早上溜了出來，到可文家去|二十年目睹之怪现状|吴趼人|sfw
period:morning|早上|一日早上，我要到關上去，出了門口，要到前面僱一匹馬|二十年目睹之怪现状|吴趼人|sfw
period:morning|早上|從早上八點鐘趕到十一點鐘，畫好了三張，方才坐席吃酒|二十年目睹之怪现状|吴趼人|sfw
period:morning|早上|巡捕帶回捕房，押了一夜，明日早上解送公堂，稟明原由|二十年目睹之怪现状|吴趼人|sfw
period:morning|早上|早上各伙計都有事，德泉也要照應一切，我便不去驚動他們|二十年目睹之怪现状|吴趼人|sfw
period:morning|早上|約定明日早上，我去看他，順便覷景翼動靜，然後分投回去|二十年目睹之怪现状|吴趼人|sfw
period:morning|早上|我道：「早上姻伯說的瓜分之後，連屁也不能放一個，這是甚麼道理|二十年目睹之怪现状|吴趼人|sfw
period:morning|早上|今天早上，下了一陣雨，天氣風涼，我閒著沒事，便到謙益棧看伯父|二十年目睹之怪现状|吴趼人|sfw
period:morning|早上|因為久慕京師琉璃廠之名，這天早上，便在客棧櫃上問了路逕，步行前去，一路上看看各處市景|二十年目睹之怪现状|吴趼人|sfw
period:morning|早上|二來我定的例，早晚各處都要點名，早上點過名才開大門，晚上也點過名才關門，不許有半個閒人在衙門裡面|二十年目睹之怪现状|吴趼人|sfw
period:morning|早晨|到縣裡畫卯已畢，伺候了一早晨，回到家。|金瓶梅|兰陵笑笑生|sfw
period:night|半夜|睡到半夜時，忽然隔壁房內，人聲鼎沸起來，把我鬧醒了|二十年目睹之怪现状|吴趼人|sfw
period:night|半夜|那麼你們就快點去辦，一面多叫小工，能夠半夜裡起完更好|二十年目睹之怪现状|吴趼人|sfw
period:night|半夜|等了五六天不見來，到了第八天的晚上，忽然半夜裡有人來打門|二十年目睹之怪现状|吴趼人|sfw
period:night|半夜|當天半夜裡開船，及至天亮起來，已經出了吳淞口，走的老遠的了|二十年目睹之怪现状|吴趼人|sfw
period:night|半夜|到了下午，先發了行李出去，然後眾人下船，直到半夜時，船才開行|二十年目睹之怪现状|吴趼人|sfw
period:night|半夜|此時正是正月十七八的時候，乘著下半夜的月色，鼓輪出口，到了吳淞，天色方才平明|二十年目睹之怪现状|吴趼人|sfw
period:night|半夜|便對姊姊道：「我們家可有乾點心，弄點出去，有個同事來了，說有事睡不著，在那裡談天，恐怕半夜裡要飯呢|二十年目睹之怪现状|吴趼人|sfw
period:night|半夜|鬼混已畢，便一人一面的用指頭扶起那乩，憩了半天，乩動起來，卻只在乩盤內畫大圈子，鬧了半夜，不曾寫出一個字來|二十年目睹之怪现状|吴趼人|sfw
period:night|半夜|上前天我們才到上海，貨還沒有起完，到了半夜裡，忽然憲太太來了，風雷火炮的一陣，馬上就要開船，臉上很帶點怒色|二十年目睹之怪现状|吴趼人|sfw
period:night|半夜|那看朋友的，雖然行無定蹤，然而看完了朋友，有家的自然回家，可以交代他家裡通知，沒有家的，到半夜裡自然回船上來了|二十年目睹之怪现状|吴趼人|sfw
period:night|半夜三更|半夜三更起來演習武藝，白日裏只在莊後射弓走馬。|水浒传|施耐庵|sfw
period:night|半夜|上月中秋還跟著老太太，太太們頑了半夜。|红楼梦|曹雪芹|sfw
period:noon|正午|初六日正午刻才臨盆，也是紫雲的福氣，竟生了個兒子，大小平安，上下歡喜|兰花梦奇传|吟梅山人|sfw
period:noon|正午|到來年正月初七日，半正午，真人乃謂王長曰：“汝師弟至矣，可使人如此如此|喻世明言|冯梦龙|sfw
period:noon|中午|到了第二天中午，特地把姑太太給他的咸肉蒸了一小塊，拿小刀子溜薄的切得一片一片的，擺在一個三寸碟子裏頭|官场现形记|李伯元|sfw
period:noon|正午|看看日已正午，長春棧裏的王道臺打發周老爺來說，山東的銀子已到，是匯在王道臺手裏的，叫周老爺來帶信，叫陶子堯去付|官场现形记|李伯元|sfw
period:noon|正午|其時中堂上朝未回，就留他在門房裏坐著等候，好容易等到正午，中堂從軍機上回來，便有幾個部裏的司官跟著來找中堂畫稿|官场现形记|李伯元|sfw
period:noon|正午|眾官飲至日當正午，百官往御書閣來謝酒|封神演义|陆西星|sfw
period:noon|正午|行者念咒語，驚動太子，把旗捲起，卻早見日光正午。|西游记|吴承恩|sfw
period:noon|正午|好行者，見他認了真實，又念咒語，驚動太子，把旗捲起，卻早見日光正午|西游记|吴承恩|sfw
period:noon|正午|誰想正值三伏之時，連日酷熱非常，汪知縣已受了些暑氣，這時卻又在正午，那輪紅日猶如一團烈火，熱得他眼中火冒，口內煙生，剛到半路，覺道天旋地轉，從橋上直撞下來，險些兒悶死在地|醒世恒言|冯梦龙|sfw
period:shen|申時|當日申時分，回報「斜谷道中，有蜀兵來也|三国志演义|罗贯中|sfw
period:shen|申時|俄延至次日申時分，魏兵一日一夜不曾敢歇，只恐蜀兵攻擊|三国志演义|罗贯中|sfw
period:shen|申時|次日，王生果然整備了午飯直等至未申時，杳不見來|初刻拍案惊奇|凌濛初|sfw
period:shen|申時|子牙見天色至申時，還要挑著走三十五里，腹內又餓了，只得奔回|封神演义|陆西星|sfw
period:shen|申時|行者道：「這廝驍勇，自昨日申時前後與老孫戰起，直到今夜，未定輸贏|西游记|吴承恩|sfw
period:shen|申時|時八月廿三日申時也，只活了一年零兩個月|金瓶梅|兰陵笑笑生|sfw
period:shen|申時|月娘眾人從辰牌時分岱岳廟起身，登盤上頂，至申時已後方到|金瓶梅|兰陵笑笑生|sfw
period:shen|申時|不一時，陰陽徐先生來到，看了，說道：“哥兒還是正申時永逝|金瓶梅|兰陵笑笑生|sfw
period:shen|申時|徐先生將陰陽秘書瞧了一回，說道：“哥兒生於政和丙申六月廿三日申時，卒於政和丁酉八月廿三日申時|金瓶梅|兰陵笑笑生|sfw
period:shen|申時|芸芝道：「杏花三十三朵，除去二十四，仍餘九數，按十二時論之，是為申時|镜花缘|李汝珍|sfw
period:si|巳時|從巳時直殺到未時，周瑜雖得利，只恐寡不敵眾，遂下令鳴金收住船隻|三国志演义|罗贯中|sfw
period:si|巳時|且說聞太師等搶書回來報喜，等得第二日巳時，不見二人回來|封神演义|陆西星|sfw
period:si|巳時|昭儿道：“二爺打發回來的．林姑老爺是九月初三日巳時沒的|红楼梦|曹雪芹|sfw
period:si|巳時|將有巳時前後，那國王排駕，請唐僧都到御花園內觀看|西游记|吴承恩|sfw
period:si|巳時|他挨到那巳時方布雲，午時發雷，未時落雨，申時雨止。|西游记|吴承恩|sfw
period:si|巳時|八戒道：「哥哥，你昨日巳時離了師父，怎麼到申時才與他鬥起|西游记|吴承恩|sfw
period:si|巳時|這半夜，直嚷至天明，將巳時前後，各項俱完，也只是有錢不過|西游记|吴承恩|sfw
period:si|巳時|一壁廂又叫管辦的做二十對彩旗，覓一班吹鼓手樂人，南來寺裏請一班和尚，東岳觀裏請一班道士，限明日巳時俱要整齊|西游记|吴承恩|sfw
period:si|巳時|棺輿到山下扛，徐先生率仵作，依羅經弔向，巳時祭告后土方隅後，才下葬掩土|金瓶梅|兰陵笑笑生|sfw
period:si|巳時|唐敖因韻學無望，心中煩悶，睡到巳時方起|镜花缘|李汝珍|sfw
period:si|巳時|俟到巳時無花，再將所餘千餘株，也用炭火炙枯|镜花缘|李汝珍|sfw
period:wei|未時|到申未時，有四個人，原是放響馬的，風聞賽兒有妖法，都來歸順賽兒|初刻拍案惊奇|凌濛初|sfw
period:wei|未時|陰陽生開了一張單子，挑的是未時剃辮大吉|官场现形记|李伯元|sfw
period:wei|未時|誰曉得他老這一覺，一直困了一夜零半天，約摸有一點鐘，統領船上鬧著未時已過，要開船了，他這裡才慢慢的醒來|官场现形记|李伯元|sfw
period:wei|未時|先生道：「明日辰時布雲，巳時發雷，午時下雨，未時雨足。」|西游记|吴承恩|sfw
period:wei|未時|魏夫人曾有《春詞》，寄《捲珠簾》記得未時春未暮，執手攀花，袖染花梢露|警世通言|冯梦龙|sfw
period:wu|午時|到了中午時候，只看一個人，擺著一張小小圓桌，在艙面吃酒|二十年目睹之怪现状|吴趼人|sfw
period:wu|午時|說長說短，說到中午時候，他們又拿出麵、飯來吃，好容易說得姥姥肯了|二十年目睹之怪现状|吴趼人|sfw
period:wu|午時|下午時候，伯衡又親自送來一張匯票，共是七千兩，連繼之那五千也在內了|二十年目睹之怪现状|吴趼人|sfw
period:wu|午時|第八十九回舌劍唇槍難回節烈忿深怨絕頓改堅貞南京地方遼闊，苟才接得芬臣的信，已是中午時候|二十年目睹之怪现状|吴趼人|sfw
period:wu|午時|下午時候，那辛若江又帶了兩個人來，手裡都捧著如意匣子，卻又都是些不堪的東西，鬼混了半天才去|二十年目睹之怪现状|吴趼人|sfw
period:wu|午時|到了下午時候，我回到後面去解手，方才走到壽座的天井裡，只見一個大腳女人，面紅耳赤，滿頭是汗，直闖過來|二十年目睹之怪现状|吴趼人|sfw
period:wu|午時|到了下午時候，只見那姓黨的也在艙面上站著，手裡拿了一根水煙袋，一面吸煙，一面和一個人說話，說的是滿嘴京腔|二十年目睹之怪现状|吴趼人|sfw
period:wu|午時|到了明天，大家終日的留心，果然下午時候，有一家出殯的經過，所有銜牌、職事、孝子、燈籠，就同那眼線說的一般無二|二十年目睹之怪现状|吴趼人|sfw
period:wu|午牌|伏到午牌時候，一夥客人約有三百餘人，結蹤而過。|水浒传|施耐庵|sfw
period:wu|午牌|劉仁甫今天晚上檢點行李，大約明日午牌時候，可以到集上關帝廟|老残游记|刘鹗|sfw
period:wu|午牌|說著，璵姑已走出來，說道：「昨日龍叔不說嗎，倘早去也是沒用，劉仁甫午牌時候方能到關帝廟呢，用過飯去不遲|老残游记|刘鹗|sfw
period:wu|午時|問他甚麼時辰，甚麼雨數，他就說辰時布雲，巳時發雷，午時下雨。|西游记|吴承恩|sfw
period:yin|寅時|帝從之，乃遣太常院官，卜地於繁陽，築起三層高臺，擇於十月庚午日寅時禪讓|三国志演义|罗贯中|sfw
period:yin|寅時|約有寅時，到了東天門外，正撞著廣目天王與天丁、力士一行儀從|西游记|吴承恩|sfw
period:yin|寅時|玉樓道：“你卜個三十四歲的女命，十一月二十七日寅時生|金瓶梅|兰陵笑笑生|sfw
period:yin|寅時|均於寅時進場，酉時出場，毋許給燭|镜花缘|李汝珍|sfw
period:yin|寅時|假如正月雨水後起課，應用亥將，來人口報寅時，即以亥將加在地盤寅時之上，依次排去，就是天盤|镜花缘|李汝珍|sfw
period:you|酉時|那婦人道：「我是丁亥年三月初三日酉時生。」|西游记|吴承恩|sfw
period:you|酉時|若到申酉時，國王差人上城，擂鼓吹角，混雜海沸之聲|西游记|吴承恩|sfw
period:you|酉時|那婦人道：「我是丁亥年三月初三日酉時生，故夫比我年大三歲，我今年四十五歲|西游记|吴承恩|sfw
period:you|酉時|孽龍怒起，也不管酉時不酉時，就命取蛟黨，大家呼著風來|警世通言|冯梦龙|sfw
period:you|酉時|叫那太陰星君把這個月輪兒緩緩的移上，卻將亥時翻作酉時，就要如團團離海角，漸漸出雲衢，此夜一輪滿，清光何處無|警世通言|冯梦龙|sfw
period:you|酉時|伯蓀轉問北山，北山早搶說道：「七月二十八日酉時生的|轰天雷|藤谷古香|sfw
period:zi|子時|再看那小子時，卻是生得骨瘦如柴，臉上更是異常瘦削|二十年目睹之怪现状|吴趼人|sfw
period:zi|子時|我初考得這個法子時，便小試其技，拿紙來做了一個小包，預包了一角小洋錢在裡面|二十年目睹之怪现状|吴趼人|sfw
period:zi|子時|看那札子時，雖不曾批薪水，卻批了每月一百兩的夫馬費，也就樂得拿來往侯家後去送|二十年目睹之怪现状|吴趼人|sfw
period:zi|子時|今幸得夫子時雨之化，此後降生人世，或不至過於殘酷也|冷眼观|王濬卿|sfw
period:zi|子時|寶妃道：「這全在乎平時召見臣子時，識拔幾個公忠體國的大臣，遇事密商，補苴萬一|孽海花|曾朴|sfw
period:zi|子時|心想，這些候補小班子時頭，一個個都是窮光蛋，靠得住的實在沒有|官场现形记|李伯元|sfw
period:zi|子時|不瞞乾娘說：我不知怎地喫他那日叉簾子時，見了這一面，卻似收了我三魂七魄的一般|水浒传|施耐庵|sfw
period:zi|子時前後|約到子時前後，輕輕的起來，穿了衣服，偷開前門。|西游记|吴承恩|sfw
period:zi|子時|偷果子時，我師父不知，他在殿上與你二童講話，是我兄弟們做的勾當|西游记|吴承恩|sfw
period:zi|子時|約到子時前後，輕輕的起來，穿了衣服，偷開前門，躲離大眾，走出外，抬頭觀看，正是那：月明清露冷，八極迥無塵|西游记|吴承恩|sfw
period:zi|子時|金利那小子時時埋怨，說是自家好好在家中享福的人，不知道是為著何事，要弄掉了家產，來受這種苦楚|邻女语|忧患余生|sfw
period:zi|子時|婦人因問西門慶貴庚，西門慶告他說：「二十七歲，七月二十八日子時生。」|金瓶梅|兰陵笑笑生|sfw
